109;"NAAPTitleBar"
108;"NAAPTitleBar_backgroundSkin"
102;"moonBisectorDemo005_fla.Symbol1_35"
92;"fl.controls.Button"
91;"Button_upSkin"
89;"Button_selectedUpSkin"
87;"Button_selectedOverSkin"
85;"Button_selectedDownSkin"
83;"Button_selectedDisabledSkin"
81;"Button_overSkin"
79;"Button_emphasizedSkin"
77;"Button_downSkin"
75;"Button_disabledSkin"
73;"ProtoSimpleSlider"
71;"ProtoCyclicSimpleSlider"
65;"fl.controls.CheckBox"
64;"CheckBox_selectedDisabledIcon"
62;"CheckBox_selectedDownIcon"
61;"CheckBox_selectedOverIcon"
60;"CheckBox_selectedUpIcon"
57;"CheckBox_disabledIcon"
55;"CheckBox_downIcon"
53;"CheckBox_overIcon"
51;"CheckBox_upIcon"
49;"fl.controls.Slider"
48;"focusRectSkin"
46;"SliderTrack_disabledSkin"
44;"SliderTick_skin"
42;"SliderTrack_skin"
40;"SliderThumb_disabledSkin"
38;"SliderThumb_downSkin"
36;"SliderThumb_overSkin"
34;"SliderThumb_upSkin"
32;"fl.core.ComponentShim"
29;"MBDOrbitalPlane"
24;"Help"
21;"About"
13;"NAAPDialogWindow_closeButtonIcon"
11;"NAAPDialogWindow_titleBarSkin"
9;"NAAPDialogWindow_closeButtonSkin"
7;"NAAP_focusRectSkin"
5;"EmbeddedFonts"
0;"moonBisectorDemo005_fla.MainTimeline"
